{"cameraMode":{"drawMode":0,"name":"Shaded","section":"Shading Mode"},"sceneLighting":true,"audioPlay":false,"sceneViewState":{"showFog":true,"showMaterialUpdate":false,"showSkybox":true,"showFlares":true,"showImageEffects":true,"showParticleSystems":true},"in2DMode":false,"pivot":{"x":4.695705413818359,"y":0.8780195116996765,"z":-22.834476470947267},"rotation":{"x":-0.22925123572349549,"y":0.0035013689193874599,"z":-0.0008247166988439858,"w":-0.9733614325523377},"size":1.624769687652588,"orthographic":false}