{"cameraMode":{"drawMode":0,"name":"Shaded","section":"Shading Mode"},"sceneLighting":true,"audioPlay":false,"sceneViewState":{"showFog":true,"showMaterialUpdate":false,"showSkybox":true,"showFlares":true,"showImageEffects":true,"showParticleSystems":true},"in2DMode":false,"pivot":{"x":2.385072708129883,"y":4.1770172119140629,"z":3.4767513275146486},"rotation":{"x":-0.3747735619544983,"y":-0.025864101946353914,"z":0.01045994646847248,"w":-0.9266971945762634},"size":12.900461196899414,"orthographic":false}