{"cameraMode":{"drawMode":0,"name":"Shaded","section":"Shading Mode"},"sceneLighting":false,"audioPlay":false,"sceneViewState":{"showFog":true,"showMaterialUpdate":false,"showSkybox":true,"showFlares":true,"showImageEffects":true,"showParticleSystems":true},"in2DMode":false,"pivot":{"x":-0.1335010528564453,"y":-0.8441658020019531,"z":0.03721097111701965},"rotation":{"x":-0.2498408854007721,"y":-0.68263840675354,"z":0.2701326608657837,"w":-0.6313601732254028},"size":2.5117204189300539,"orthographic":false}