{"cameraMode":{"drawMode":0,"name":"Shaded","section":"Shading Mode"},"sceneLighting":false,"audioPlay":false,"sceneViewState":{"showFog":true,"showMaterialUpdate":false,"showSkybox":true,"showFlares":true,"showImageEffects":true,"showParticleSystems":true},"in2DMode":false,"pivot":{"x":12.590606689453125,"y":4.267783164978027,"z":12.87689208984375},"rotation":{"x":-0.31461262702941897,"y":-0.4572177529335022,"z":0.1769750714302063,"w":-0.8128057718276978},"size":-1.2434487342834473,"orthographic":false}