{"cameraMode":{"drawMode":0,"name":"Shaded","section":"Shading Mode"},"sceneLighting":true,"audioPlay":false,"sceneViewState":{"showFog":true,"showMaterialUpdate":false,"showSkybox":true,"showFlares":true,"showImageEffects":true,"showParticleSystems":true},"in2DMode":false,"pivot":{"x":4.965216159820557,"y":2.6751461029052736,"z":2.030588150024414},"rotation":{"x":-0.3469216823577881,"y":0.010407746769487858,"z":-0.0038500220980495216,"w":-0.9378286600112915},"size":20.954952239990236,"orthographic":false}