{"cameraMode":{"drawMode":0,"name":"Shaded","section":"Shading Mode"},"sceneLighting":false,"audioPlay":false,"sceneViewState":{"showFog":true,"showMaterialUpdate":false,"showSkybox":true,"showFlares":true,"showImageEffects":true,"showParticleSystems":true},"in2DMode":false,"pivot":{"x":0.0,"y":0.12509995698928834,"z":-0.007504284381866455},"rotation":{"x":-0.35903143882751467,"y":-0.051205120980739596,"z":0.019731581211090089,"w":-0.9317127466201782},"size":10.16110610961914,"orthographic":false}